{"cameraMode":{"drawMode":0,"name":"Shaded","section":"Shading Mode"},"sceneLighting":true,"audioPlay":false,"sceneViewState":{"showFog":true,"showMaterialUpdate":true,"showSkybox":true,"showFlares":true,"showImageEffects":true,"showParticleSystems":true},"in2DMode":false,"pivot":{"x":15.36874771118164,"y":26.93288803100586,"z":37.37327194213867},"rotation":{"x":-0.08657576143741608,"y":0.3889785706996918,"z":0.03674685209989548,"w":0.9164333343505859},"size":62.50741958618164,"orthographic":false}